#UC-1
-----------------------------------------------------------------------------------------
CREATE DATABASE payroll_service;
SHOW DATABASES;
USE payrool_service;

------------------------------------------------------------------------------------------
#UC-2
-------------------------------------------------------------------------------------------
CREATE TABLE employee_payroll (
	id INT unsigned AUTO_INCREMENT,
	name VARCHAR(200),
	salary Double,
	start DATE,
	PRIMARY KEY(id)
	);
Desc employee_payroll;

-------------------------------------------------------------------------------------------
#UC-3
-------------------------------------------------------------------------------------------

 INSERT INTO employee_payroll (name ,salary,start) value 
 	("Ram",1000000.0,"2021-09-26"),
 	("Sham",2000000.0,"2021-09-26"),
 	("Jon",3000000.0,"2021-09-26")
 	("Jacklin",100.0,"2021-09-26");

------------------------------------------------------------------------------------------- 
 #UC-4
 -------------------------------------------------------------------------------------------
 
 SELECT * FROM employee_payroll;
 
 -------------------------------------------------------------------------------------------
 #UC-5
 -------------------------------------------------------------------------------------------
 
 SELECT salary 
 FROM employee_payroll 
 WHERE name = 'Ram';
 
 SELECT * 
 FROM employee_payroll 
 WHERE start BETWEEN CAST('2018-09-15' AS DATE) AND DATE(NOW());
 
 -------------------------------------------------------------------------------------------
 #UC-6
 -------------------------------------------------------------------------------------------
 
 ALTER TABLE employee_payroll ADD gender CHAR(5) AFTER name;
 select * from employee_payroll;
 UPDATE employee_payroll SET gender = "Male" WHERE name = "Ram" or name = "Sham";
 
 -------------------------------------------------------------------------------------------
 #UC-7
 -------------------------------------------------------------------------------------------
 
SELECT SUM(salary) FROM employee_payroll
WHERE gender = 'Male' GROUP BY gender;

SELECT SUM(salary) FROM employee_payroll
WHERE gender = 'Femal' GROUP BY gender;

SELECT AVG(salary) FROM employee_payroll
WHERE gender = 'Male' GROUP BY gender;

SELECT gender, COUNT(Name) FROM employee_payroll GROUP BY gender;

SELECT gender, MIN(name) From employee_payroll GROUP BY gender;
SELECT gender, MAX(name) From employee_payroll GROUP BY gender;

-------------------------------------------------------------------------------------------
 #UC-8
 -------------------------------------------------------------------------------------------
 ALTER TABLE employee_payroll ADD phone_number int(250) AFTER name;
 ALTER TABLE employee_payroll ADD address VARCHAR(250) AFTER phone_number;
 ALTER TABLE employee_payroll ADD department VARCHAR(250) NOT NULL AFTER address;
 ALTER TABLE employee_payroll CHANGE COLUMN address address  VARCHAR(250) DEFAULT 'India';
 DESCRIBE employee_payroll; 
 +--------------+--------------+------+-----+---------+----------------+
| Field        | Type         | Null | Key | Default | Extra          |
+--------------+--------------+------+-----+---------+----------------+
| id           | int unsigned | NO   | PRI | NULL    | auto_increment |
| name         | varchar(200) | YES  |     | NULL    |                |
| phone_number | int          | YES  |     | NULL    |                |
| address      | varchar(250) | YES  |     | India   |                |
| department   | varchar(250) | NO   |     | NULL    |                |
| gender       | char(5)      | YES  |     | NULL    |                |
| salary       | double       | YES  |     | NULL    |                |
| start        | date         | YES  |     | NULL    |                |
+--------------+--------------+------+-----+---------+----------------+


-------------------------------------------------------------------------------------------
 #UC-9
 -------------------------------------------------------------------------------------------

ALTER TABLE employee_payroll RENAME COLUMN salary TO basic_pay;
ALTER TABLE employee_payroll ADD deductions Double NOT NULL AFTER basic_pay;
ALTER TABLE employee_payroll ADD taxable_pay Double NOT NULL AFTER deductions;
ALTER TABLE employee_payroll ADD tax Double NOT NULL AFTER taxable_pay;
ALTER TABLE employee_payroll ADD net_pay Double NOT NULL AFTER tax;
DESCRIBE employee_payroll;

+--------------+--------------+------+-----+---------+----------------+
| Field        | Type         | Null | Key | Default | Extra          |
+--------------+--------------+------+-----+---------+----------------+
| id           | int unsigned | NO   | PRI | NULL    | auto_increment |
| name         | varchar(200) | YES  |     | NULL    |                |
| phone_number | int          | YES  |     | NULL    |                |
| address      | varchar(250) | YES  |     | India   |                |
| department   | varchar(250) | NO   |     | NULL    |                |
| gender       | char(5)      | YES  |     | NULL    |                |
| basic_pay    | double       | YES  |     | NULL    |                |
| deductions   | double       | NO   |     | NULL    |                |
| taxable_pay  | double       | NO   |     | NULL    |                |
| tax          | double       | NO   |     | NULL    |                |
| net_pay      | double       | NO   |     | NULL    |                |
| start        | date         | YES  |     | NULL    |                |
+--------------+--------------+------+-----+---------+----------------+

-------------------------------------------------------------------------------------------
 #UC-10
 -------------------------------------------------------------------------------------------
INSERT INTO employee_payroll(Name, Department, gender, basic_pay, deductions, taxable_pay, tax, net_pay, start)
 VALUES ('Terisa','Marketing','F',390000.0,80000.0,3000.0,1800.0,305200.0,'2018-01-03'),
		('Terisa','Sales','F',490000.0,80000.0,3000.0,1800.0,405200.0,'2019-04-04');
		
		
select * from employee_payroll;

+----+---------+--------------+---------+------------+--------+-----------+------------+-------------+------+---------+------------+
| id | name    | phone_number | address | department | gender | basic_pay | deductions | taxable_pay | tax  | net_pay | start      |
+----+---------+--------------+---------+------------+--------+-----------+------------+-------------+------+---------+------------+
|  1 | Ram     |         NULL | NULL    |            | Male   |   1000000 |          0 |           0 |    0 |       0 | 2018-09-15 |
|  2 | Sham    |         NULL | NULL    |            | Male   |   2000000 |          0 |           0 |    0 |       0 | 2021-09-26 |
|  3 | Jon     |         NULL | NULL    |            | NULL   |   3000000 |          0 |           0 |    0 |       0 | 2021-09-26 |
|  4 | Jacklin |         NULL | NULL    |            | Femal  |       100 |          0 |           0 |    0 |       0 | 2021-09-26 |
|  5 | Terisa  |         NULL | India   | Marketing  | F      |    390000 |      80000 |        3000 | 1800 |  305200 | 2018-01-03 |
|  6 | Terisa  |         NULL | India   | Sales      | F      |    490000 |      80000 |        3000 | 1800 |  405200 | 2019-04-04 |
+----+---------+--------------+---------+------------+--------+-----------+------------+-------------+------+---------+------------+



-------------------------------------------------------------------------------------------
 #UC-11
 -------------------------------------------------------------------------------------------

CREATE TABLE company(
company_id      INT PRIMARY KEY,
company_name    VARCHAR(250) NOT NULL
);


CREATE TABLE employee 					
(
 id 		INT unsigned NOT NULL AUTO_INCREMENT PRIMARY KEY,
 company_id 	INT REFERENCES company(company_id),
 name           VARCHAR(200) NOT NULL,
 phone_number 	VARCHAR(20) NOT NULL,
 address 	VARCHAR(50) NOT NULL DEFAULT 'TBD',
 gender 	CHAR(1) NOT NULL
);


CREATE TABLE payroll
(
 id 	INT REFERENCES employee(id),
 basic_pay 	DOUBLE NOT NULL,
 deductions 	DOUBLE NOT NULL,
 taxable_pay 	DOUBLE NOT NULL,
 tax 		DOUBLE NOT NULL,
 net_pay 	DOUBLE NOT NULL
);


CREATE TABLE department
(
 dept_id 	INT PRIMARY KEY,
 dept_name 	VARCHAR(50) NOT NULL
);

CREATE TABLE employee_department
(
 emp_id 	INT REFERENCES employee(id),
 dept_id 	INT REFERENCES department(dept_id)
);

SHOW tables;

+---------------------------+
| Tables_in_payroll_service |
+---------------------------+
| company                   |
| department                |
| employee                  |
| employee_department       |
| employee_payroll          |
| payroll                   |
+---------------------------+



-------------------------------------------------------------------------------------------
 #UC-12
 -------------------------------------------------------------------------------------------
 
 INSERT INTO company VALUES 
(1, "cap");

SELECT * FROM company;
+------------+--------------+
| company_id | company_name |
+------------+--------------+
|          1 | cap          |
+------------+--------------+
1 row in set (0.0007 sec)

INSERT INTO employee(company_id, name, phone_number, address, gender) VALUES 
(1, 'Bill', '9876543210', 'abc', 'M' ),
(1, 'Terisa', '8665443211', 'bca', 'F' ),
(1, 'Charlie', '9976543212', 'cab', 'M' ); 

SELECT * FROM employee;
+----+------------+---------+--------------+---------+--------+
| id | company_id | name    | phone_number | address | gender |
+----+------------+---------+--------------+---------+--------+
|  1 |          1 | Bill    | 9876543210   | abc     | M      |
|  2 |          1 | Terisa  | 8665443211   | bca     | F      |
|  3 |          1 | Charlie | 9976543212   | cab     | M      |
+----+------------+---------+--------------+---------+--------+
3 rows in set (0.0009 sec)

INSERT INTO department VALUES
(1,'Sales'),
(2,'Marketing'),
(3,'HR');

SELECT * FROM department;
+---------+-----------+
| dept_id | dept_name |
+---------+-----------+
|       1 | Sales     |
|       2 | Marketing |
|       3 | HR        |
+---------+-----------+
3 rows in set (0.0011 sec)


INSERT INTO payroll VALUES 
(1,6000,400,3500,700,8000),
(2,9000,100,2400,400,2500),
(3,7000,600,5500,900,3000);

SELECT * FROM payroll;
+----+-----------+------------+-------------+-----+---------+
| id | basic_pay | deductions | taxable_pay | tax | net_pay |
+----+-----------+------------+-------------+-----+---------+
|  1 |      6000 |        400 |        3500 | 700 |    8000 |
|  2 |      9000 |        100 |        2400 | 400 |    2500 |
|  3 |      7000 |        600 |        5500 | 900 |    3000 |
+----+-----------+------------+-------------+-----+---------+
3 rows in set (0.0009 sec)

INSERT INTO employee_department VALUES
(1,1),
(2,1),
(2,2),
(3,3); 

SELECT * FROM employee_department;
+--------+---------+
| emp_id | dept_id |
+--------+---------+
|      1 |       1 |
|      2 |       1 |
|      2 |       2 |
|      3 |       3 |
+--------+---------+
 